{
    "rmse": 0.7405011100720736,
    "mae": 0.582505009777909,
    "r2": 0.2521696993421719
}